id,a,e,i,spec_B
a0000001,2.76916515450648,.07600902910070946,10.59406704424526,C
a0000002,2.772465921978979,.2303368211958249,34.8362344173523,B
a0000003,2.669149516961171,.2569423201751032,12.98891912630602,Sk
a0000004,2.361417895877277,.08872145950956178,7.141770811873426,V
a0000005,2.574248918456554,.191094508984634,5.366988248754509,S
a0000006,2.425159989654524,.2030071093939073,14.73790110045524,S
a0000007,2.385333813853889,.231205791651457,5.523651386735914,S
a0000010,3.14153917911499,.1124606576702566,3.831560034123068,C
a0000011,2.453109375852077,.1004722734579138,4.62988577124323,Sk
a0000012,2.334315086445922,.2201715820847041,8.373073838902746,L
a0000013,2.575981085345467,.08512143168233768,16.53612545547192,Ch
a0000014,2.585567305441197,.1665823107539034,9.121645531403171,S
a0000015,2.644100304490733,.1860843620330185,11.75242982472844,S
a0000016,2.923813680217348,.1335684148335463,3.096005208804772,X
a0000017,2.470354085478554,.1330315938582089,5.591204997025656,Sl
a0000018,2.29665350984091,.2176743622521839,10.12873129564968,S
a0000019,2.442710697047048,.1580468510700675,1.573782207412067,Ch
a0000020,2.409781791609093,.1420667051541423,.7087512033102101,S
a0000021,2.434958096420116,.1633561118067609,3.064055490537624,Xk
a0000022,2.914849073772346,.09767688894721703,13.71531190288359,X
a0000023,2.625683427708691,.2349839170984181,10.11425811491532,S
a0000024,3.13617131483923,.1247427752533025,.7515879347196438,B
a0000025,2.400160565214944,.2546138982140402,21.6048402596762,S
a0000026,2.654330892804783,.09014487999156065,3.563412745630886,S
a0000027,2.346664413630038,.1732258505576394,1.583713702060567,S
a0000028,2.775765930379437,.1518626130240446,9.429548932055635,S
a0000029,2.554113562629857,.0726955355107702,6.082523343833398,S
a0000030,2.365572136802961,.1275809997701029,2.095744438739231,Sl
a0000031,3.15540230940322,.220857013438671,26.30334740932832,Cb
a0000032,2.588507764324736,.08090139139834084,5.52395293096486,S
a0000033,2.873455536116871,.3313462799011633,1.852842637476108,Sq
a0000034,2.687383409279481,.105948046876928,5.496016768837387,Ch
a0000035,2.994071834875715,.2255881576779662,7.93271357081255,C
a0000037,2.64228330584972,.1756051692749518,3.070810676589737,S
a0000038,2.739454925654882,.1549825281214745,6.970974779540068,Cgh
a0000039,2.769319009699727,.1114755598748344,10.36898039874332,S
a0000040,2.267246519451427,.04702133026568632,4.257400416930347,S
a0000041,2.760438709250479,.2754175356653898,15.79210012048468,Ch
a0000042,2.441703518969128,.2228231523061669,8.514622308397911,L
a0000043,2.203475093031204,.1683218786649913,3.47139649784909,Sk
a0000044,2.423451098520279,.147922910861728,3.706552358884731,Xc
a0000045,2.720882625355706,.08443839011920974,6.603527097930387,C
a0000046,2.525788445245102,.1720022207911278,2.349673753913108,Xc
a0000047,2.881429415219778,.1298072811858983,4.97520818077294,B
a0000048,3.11008809457609,.0724438865232663,6.547416659615668,Ch
a0000049,3.105045614871076,.2220670204343255,3.195214934385568,Ch
a0000050,2.6487938488856,.2859855287089949,2.838219801068548,Ch
a0000051,2.365835370511375,.06755935667808723,9.977178323434973,Ch
a0000052,3.093091389167675,.1103692571861618,7.478752247537128,C
a0000054,2.71037790178851,.1973389661747191,11.79829500020373,C
a0000055,2.759834765716024,.142968742409928,7.180078043399917,X
a0000056,2.595744872041014,.2380827739019062,8.080990773256605,Xk
a0000057,3.151209171387807,.1134668535347681,15.2150901910628,S
a0000058,2.700075757582706,.04278237110554925,5.065410280430273,Ch
a0000059,2.71183615807797,.119291448707093,8.641685581142685,B
a0000060,2.392299537647675,.1845543493740137,3.600354383870743,S
a0000061,2.985558303930569,.1659587169233777,18.19649464790589,S
a0000062,3.135443051394849,.1677318330114165,2.233522772978567,Ch
a0000063,2.395430898500015,.1269055089200656,5.775580402438681,Sa
a0000064,2.681124845833428,.1255294266046353,1.309694153364259,Xe
a0000065,3.425952865453392,.1119429431855477,3.563530794176698,Xc
a0000066,2.646063567466462,.1729405371299572,3.045599281980342,Ch
a0000067,2.421340541431656,.1854269311045259,6.030227768661032,S
a0000069,2.976722493654596,.1703273489880466,8.591269359373253,X
a0000070,2.615909298989354,.1804261666292311,11.59491858047739,Ch
a0000071,2.756529560476193,.1733221148836493,23.2624219679923,Xe
a0000074,2.783093828404418,.2364369024460758,4.070962452070505,C
a0000075,2.674602630154863,.3036918951779823,4.991336412731273,Xk
a0000076,3.412680485450014,.1658287397803201,2.121739635652372,X
a0000077,2.668110944586935,.1322980569778512,2.422957846296691,Xe
a0000078,2.619441852303631,.2073652079047835,8.700973567044324,Ch
a0000079,2.446712333988616,.1899614085030926,4.613126624235388,S
a0000080,2.295864533501763,.200032479133778,8.675455619963959,S
a0000081,2.853597191311584,.2106974033807872,7.802982871284191,Cb
a0000082,2.76290133140184,.2200857339613569,2.826411725244165,Sq
a0000083,2.432320401078099,.08152139347955675,4.963962153769252,X
a0000084,2.362489791750268,.2358436915884772,9.315346853292226,Ch
a0000085,2.651765384015089,.194545765099498,11.96206292367353,B
a0000087,3.482566203198947,.09306324302255792,10.87710668066663,X
a0000088,2.769174120533424,.1616429151189032,5.213931436362253,B
a0000089,2.550012155186965,.1847480527505757,16.12960260320511,K
a0000090,3.149874897516671,.1660765171508087,2.206908669609235,C
a0000091,2.592223971027503,.1056781138834355,2.103166133128573,Ch
a0000092,3.185736393419545,.1045333129004502,9.932002849360668,Xc
a0000093,2.756118499238521,.1390818477655423,8.556921425643125,C
a0000094,3.156538536515994,.09394476439439903,7.970756953848873,C
a0000095,3.065326794225968,.1525872344270108,12.99536764165093,Ch
a0000096,3.050889459357941,.1405965690791181,15.9731673336389,T
a0000098,2.687760365454952,.1867543762071531,15.57151830749099,Ch
a0000099,2.66570420673932,.1950032218735342,13.84727302336029,Xk
a0000100,3.087283252207346,.1692041577249139,6.431726467934714,S
a0000101,2.583800893261519,.1402330865078128,10.19447279811673,S
a0000102,2.662343773509722,.2520325373404748,5.176794935591281,C
a0000103,2.701656650287001,.07919874401288174,5.418388038758586,S
a0000104,3.145016317096632,.1605721898158354,2.790040241063087,Ch
a0000105,2.373917360564135,.177378501598387,21.44015541704821,Ch
a0000106,3.186263512433768,.1621661366107806,4.592184152974613,Cgh
a0000107,3.491538547146307,.0653768964214676,9.999894843761686,X
a0000108,3.236576263689376,.05547508755637338,4.220482269351368,Sl
a0000109,2.696073710862217,.2988889027572925,7.842543254286427,Ch
a0000110,2.731441254291479,.08145157110435765,5.96495350942074,X
a0000111,2.593214392202516,.1027068734599861,4.931572607177219,Ch
a0000112,2.433981119239214,.1277009896907783,2.59905275990915,Ch
a0000113,2.375661940888933,.08692281085652911,5.042971186351139,S
a0000114,2.678568836059156,.1353613010496481,4.935771274102565,Xk
a0000115,2.379582468612531,.1931026284732521,11.59296379192919,S
a0000116,2.766288646429152,.1420601482750189,3.564397084028128,Sk
a0000117,2.990315511327769,.02762770758569244,14.90248311079075,X
a0000118,2.436754880924875,.1645618626759572,7.745998492833585,S
a0000119,2.581258245543978,.08045541833642131,5.786176994654598,Sl
a0000120,3.119512826343674,.0522276155552853,6.961644652909204,C
a0000121,3.451838968715325,.1318773194198184,7.597630696274856,Ch
a0000122,3.224719232069677,.03170015330646539,1.640271664242935,L
a0000123,2.694897609296021,.120489801544295,6.413865306003039,S
a0000124,2.63077646390296,.07549287739338807,2.957084410328403,S
a0000125,2.744361968451495,.07777621346245737,4.663375606531786,X
a0000127,2.755449783670235,.06689319997567746,8.244857771488434,Ch
a0000128,2.749885198422125,.127406599950748,6.245446844962712,C
a0000129,2.868588386950578,.2120347276246057,12.26563051909311,X
a0000130,3.125184922777858,.2087705743299564,22.7795196003772,Ch
a0000131,2.432107242673414,.06752329487449374,4.961349142597085,Xc
a0000133,3.063879245257973,.1354922528032086,7.213057776974285,S
a0000134,2.562751518889254,.116569376938704,11.60092878443602,Ch
a0000135,2.428396219266492,.2069913825319087,2.303799898166181,Xk
a0000136,2.286339425807574,.08521459441678242,9.579215943406206,Xe
a0000139,2.782193067292932,.1748124627583146,10.90888279597156,X
a0000140,2.733948258355242,.2140709653454698,3.185417600669929,Xc
a0000141,2.664283192188837,.214850230884064,11.89775268421176,Ch
a0000142,2.418900605762048,.13521551389963,2.239120334353443,B
a0000143,2.76035722697282,.07440608249974205,11.44456921648253,Xc
a0000144,2.655049605836207,.2345040649554747,4.814381235024314,Ch
a0000145,2.674520602821814,.14416551367363,12.63561903700331,Ch
a0000146,2.718078993740406,.06726758795374101,13.10113149907183,Ch
a0000147,3.141319916556414,.02552290635140079,1.933842546025238,C
a0000148,2.771509056408663,.1870509993775136,25.28888453805149,S
a0000150,2.983200862073344,.1231662890491987,2.201283187408271,Cb
a0000151,2.591515989894868,.03327258144499343,6.434814731891269,Sl
a0000152,3.137107545362302,.08077999035826604,12.12480403174078,S
a0000153,3.979617340708753,.1402350795004573,7.826107749495004,X
a0000154,3.196321089894497,.07700935331767415,20.97197182484834,C
a0000156,2.727097982060085,.2272117370469632,9.781852348362859,Ch
a0000158,2.870949344488314,.05157967421451319,1.005094902287128,S
a0000159,3.102688587251141,.1070181227689404,6.130813712009724,Ch
a0000160,2.727733590277533,.06697517257105223,3.823882058754434,C
a0000161,2.379041603042297,.1377381015645935,9.059606827850867,Xc
a0000162,3.016771817240037,.1807685903401747,6.091203753532741,Ch
a0000163,2.367336248384003,.1914099069263507,4.814141074796297,Ch
a0000164,2.632268985432172,.3464374651032295,24.47402115661442,X
a0000165,3.126195859897862,.08555339667333139,11.22600591317563,Cb
a0000166,2.684670142987463,.211819463240207,12.02935232549187,Xe
a0000167,2.85240070404957,.03735439703196525,2.212657604882228,Sk
a0000168,3.372311794218929,.07363510266327303,4.670180135355428,Ch
a0000169,2.35800944853852,.1308888429383497,5.499467343071964,Sl
a0000170,2.553786541678847,.06362075821763016,14.37737864722117,S
a0000171,3.128918845080336,.1323067201038215,2.546753758355288,C
a0000172,2.380018228623428,.1140650205773529,10.01858764491464,L
a0000173,2.743253007434654,.2086987727908632,14.19554514696601,Xk
a0000174,2.862284600430505,.1411807846078337,12.12087388461741,S
a0000175,3.182769241949296,.233064630297079,3.218737087793336,Cg
a0000176,3.181049519011109,.170596930609761,22.67339431975154,Ch
a0000177,2.774364873208924,.2342369606841545,1.381172952335856,Ch
a0000178,2.460885294437401,.04327074539932856,1.89383967138446,S
a0000179,2.976110846851071,.1114579661596882,7.820760478961434,Sk
a0000180,2.722264502893383,.1667281098863604,.8673395719338688,Sq
a0000181,3.12556737825259,.2062531157183546,18.88803841233254,Xk
a0000182,2.415649159666532,.1862693063301496,2.00540673365072,S
a0000183,2.790981913861323,.350495625123845,26.38797251886011,S
a0000184,3.188001813492212,.06632125992936992,1.143016623855552,X
a0000185,2.737506641345277,.1290539581156067,23.23752856285748,C
a0000186,2.361442585526953,.1501553501037968,13.18512007268964,K
a0000187,2.726894086219739,.2415669601889656,10.58578496686485,Ch
a0000188,2.761107145727388,.1790896514108202,11.70476641725669,S
a0000189,2.451427600047417,.036370431961094,5.176071695831551,Sa
a0000190,3.985505451489644,.1664225819313749,6.177402715323943,X
a0000191,2.893762679100764,.09083407912458429,11.50794189487628,Cb
a0000192,2.403100506244856,.245042137546292,6.797987969208881,Sl
a0000193,2.603086660916226,.2965189542096476,11.98025954053587,Sk
a0000194,2.615394837262503,.2383234054176739,18.50864899231855,C
a0000195,2.877853689330502,.04362852569599967,6.969879296545527,Ch
a0000196,3.113336492309564,.01590653744791651,7.263021046748258,S
a0000197,2.737722817951632,.1644326617576796,8.795436827188073,S
a0000198,2.45916842099915,.2269015972585369,9.321124068855674,S
a0000199,3.165695986291986,.1803174391603301,15.48102087754679,X
a0000200,2.740229642926887,.131892584449663,6.892692576671023,Ch
a0000201,2.679821434098326,.1797542771882241,5.754212998233888,X
a0000205,2.777709294623822,.03616130738485205,10.69505574379319,Ch
a0000206,2.741163845029077,.03819099944228885,3.778692994857364,C
a0000207,2.283614902924909,.0289485027527264,3.803286447308202,Ch
a0000208,2.892140981036559,.01227707445639486,1.745380802865123,Sk
a0000209,3.147456335587315,.05637637129320391,7.170147313881221,Xc
a0000210,2.72206261275223,.1236348263685876,5.259841496654178,Cb
a0000211,3.040848688241124,.160731280864137,3.886319972761601,Ch
a0000213,2.752512724221684,.144795999279169,6.801178719408871,B
a0000214,2.610787657924717,.03109384853101772,3.435962119385689,Xc
a0000216,2.793772620839401,.2509091006741018,13.11298700551144,Xe
a0000221,3.010967444252915,.1042781750066008,10.87905290836612,K
a0000226,2.711776061896482,.2038637970113612,15.96935572240533,S
a0000228,2.201790673086857,.2420271606510889,2.536220990945153,S
a0000230,2.382303148801977,.06158372081178713,9.450957465378288,Sl
a0000233,2.660010420374028,.09895647593954122,7.690881448044267,K
a0000234,2.385936885234098,.2454277876069205,15.37221649735775,Ld
a0000236,2.797464141520094,.1908261969137335,7.694642610844821,L
a0000237,2.76329712054073,.07110741501511746,9.747882092905416,S
a0000238,2.907010896586164,.08958052221375364,12.41114396782227,Ch
a0000240,2.663769293833469,.207570507122796,2.105526175148159,C
a0000241,3.049875429459829,.102761153434565,5.505041918569985,B
a0000242,2.860763957248385,.1215433784633293,11.35194198443942,Xc
a0000243,2.8606930814042,.04299574429802967,1.130194321967564,S
a0000244,2.174350707801855,.1369482680517751,2.845253551018618,Sa
a0000245,3.096343732096223,.196465351715519,5.178866306154109,S
a0000246,2.693791385302661,.1098409094503346,15.62089759565052,A
a0000247,2.740643845857035,.2450096965677417,24.95242620832824,Xc
a0000250,3.142700416457756,.1350850857569472,12.82049318820928,Xk
a0000253,2.648975057333826,.2629101450106395,6.738632112216882,Cb
a0000257,3.125705544627223,.1106357286151868,3.615904953937903,Ch
a0000258,2.615531507413228,.2041194016842478,14.3222997673654,S
a0000259,3.132889322623162,.1288441566851987,10.81762957109123,X
a0000261,2.331833576551184,.08887819254674036,3.635933841211387,X
a0000263,2.886862054544482,.07758783919681798,1.320413314811948,S
a0000264,2.796852458191511,.1370921324871384,10.42520403934171,S
a0000266,2.807292038259464,.1539211400456551,13.40304724654355,Ch
a0000267,2.77540680740378,.0986522138147663,6.003219926697196,D
a0000269,2.616242978722024,.2131728443922237,5.477275622550732,Ld
a0000272,2.780253758026546,.02697863605457142,4.434086163118185,X
a0000275,2.769711340507343,.1639304494001878,4.764282526807768,C
a0000278,2.756412754576784,.1317907448119724,7.81738721867458,S
a0000279,4.283402227463066,.04013377479546391,2.335777312180371,X
a0000281,2.187358802943897,.1326752701693698,5.303962169247142,S
a0000282,2.340028260775204,.08036926981445991,9.032814628738034,B
a0000284,2.35823527582459,.2221125571393416,8.057572907158914,Ch
a0000286,3.195584063813196,.02822273062593149,17.897698623,Ch
a0000288,2.761785977583854,.2053926321153688,4.336077435390653,S
a0000289,2.875996942247063,.2012477617870592,6.678776619807365,A
a0000295,2.794518041212615,.1714309929043198,2.708541443791276,S
a0000301,2.726095983583118,.06749743682731552,4.894357646624019,C
a0000304,2.403604093667033,.2216072310276065,15.84561910214977,Xc
a0000306,2.357924743593614,.1507919025975553,7.277327938972727,S
a0000308,2.749537086212404,.04054222260115872,4.360811434829979,T
a0000310,2.76176410925153,.1133293320209976,3.172269763923261,S
a0000312,2.782119422523156,.1595495450230307,9.029081057228765,Sk
a0000317,2.286650303795566,.08507370001969836,1.765677582067669,Xe
a0000321,2.885377376855142,.04666053697468612,2.587287418798432,S
a0000322,2.780799917972389,.2461546839401674,8.054398683284299,X
a0000327,2.775977583439388,.06093912802627172,7.14116230153796,Sl
a0000331,3.029221839415804,.09729609418709979,6.037946873471931,C
a0000332,2.773338151995108,.08788543389183992,2.845232563295158,Xk
a0000335,2.474842107199355,.1727772424805201,5.101117078672384,B
a0000336,2.251446035709403,.09549100265116645,5.653639987418186,Xk
a0000337,2.382994911082152,.1369461038683614,7.853661616462415,X
a0000338,2.911311154660146,.02221723685009999,6.0500317713777,Xk
a0000339,3.013079742099457,.09775276519231384,9.962295709051116,K
a0000342,2.568153793116992,.1292968993852817,7.35266210428383,Ch
a0000345,2.325583447986549,.06113300255994211,9.744103861917786,Ch
a0000346,2.7964728803531,.1019181403664317,8.752262244775366,S
a0000348,2.96800734161741,.07035155077645479,9.758879862484843,X
a0000349,2.922609831522937,.09158907747193022,8.246177556181788,R
a0000352,2.194086493292069,.1496784799470769,3.384806194863014,Sl
a0000353,2.73555087034657,.3276534978727229,5.708192212497034,S
a0000354,2.798632548977549,.1140528158009354,18.39928829671905,Sl
a0000355,2.537376746428855,.1061069619677271,4.282876867467271,S
a0000358,2.876745826533328,.1529207553834571,3.553735842985593,Ch
a0000359,2.727222198849303,.1574331992195935,6.771862544602116,X
a0000360,3.007699198571342,.1759945925936126,11.69433866088308,C
a0000363,2.747942056568738,.07102306588714107,5.947001159862801,X
a0000365,2.801577638278642,.1572807674508552,12.7912204342407,C
a0000366,3.145751653873994,.05600605552023506,10.57668673310938,Ch
a0000371,2.727509923336965,.06474887615567188,7.401166576111063,S
a0000372,3.150140553907852,.2589917578032354,23.82595626988699,B
a0000374,2.780097673394929,.07966818506881009,8.993765468497465,S
a0000375,3.127897914973959,.1053797321609872,15.92968633368769,Xc
a0000376,2.28877272752644,.1721038706203191,5.432401057980069,Sl
a0000377,2.689278346273906,.07794363479388441,6.678633275036132,Ch
a0000378,2.776387093062225,.1302248710644811,7.006094571520574,S
a0000379,3.143382149680087,.1804136098606534,1.669675721424952,C
a0000381,3.225266728089466,.09012288967992668,12.55618810327397,Cb
a0000383,3.139727935354188,.1672097170090664,2.659582234419996,B
a0000384,2.651000428420612,.1485801084031389,5.590465593093016,S
a0000386,2.899545275161502,.1687465476849862,20.2096969232915,C
a0000387,2.741148819158174,.2350672309354058,18.11271723048749,L
a0000388,3.003486445419431,.06555602583082358,6.446024191182703,C
a0000389,2.608283327305152,.06720167761796669,8.121485277505947,S
a0000392,2.882277022615154,.1411717971530496,14.32198292965596,Ch
a0000393,2.779101510143827,.3303789651179789,14.87763442609757,Xc
a0000394,2.763996084907996,.2267184969662336,6.219631925997876,S
a0000395,2.783981966603057,.08515755143097387,3.354588879247866,Ch
a0000396,2.740616925223715,.1602321190807452,2.551108103898652,Xe
a0000397,2.635023628526833,.2473964507087822,12.86314649169982,K
a0000398,2.743276571547238,.2225964304259126,9.542258672865337,C
a0000399,3.054173308972235,.07509840829684457,13.10135874477157,X
a0000402,2.558791205424824,.1119085142382675,11.8312303015527,K
a0000403,2.80874677189296,.09813676066101211,9.158849660823575,S
a0000404,2.594236556667695,.1986517252926867,14.10530449963838,Ch
a0000405,2.585483565877912,.2425326171904119,11.94163483732596,Ch
a0000409,2.575545296470916,.07259087417585748,11.268151850201,Xc
a0000410,2.724259912538743,.2423869365382866,10.96656880170252,Ch
a0000412,2.763192756552469,.04271969162143034,13.76820299996204,C
a0000413,2.585541898900311,.3412646987176217,18.72616772403604,X
a0000414,3.507366132935904,.07246395315355096,9.556404359102514,Cg
a0000416,2.791704753567275,.2181838169764351,12.86312117385682,Sl
a0000417,2.79831696968333,.1359898585137207,6.648538257319315,Xk
a0000423,3.066441100279399,.03588164099802508,11.24426450678053,C
a0000425,2.886808475639493,.0596941509710265,4.047556774262603,C
a0000431,3.139731471898862,.1701010420741626,1.827625149833578,B
a0000432,2.368655920144168,.146156337707624,12.12223088610096,S
a0000434,1.944104209303828,.07374239675963945,22.50883956660048,Xe
a0000441,2.806762589016934,.08010624752591997,8.15924483025335,Xk
a0000442,2.344948751596495,.07101324258673236,6.069625322865638,Ch
a0000443,2.215192327301109,.04080051017849944,4.234976618112185,Sl
a0000444,2.769286299100314,.1756007250477775,10.2769596384065,C
a0000446,2.788538956969089,.1267765875130667,10.62230721254368,A
a0000453,2.183198004909388,.1088478227923309,5.550035175360954,S
a0000456,2.789067705396117,.1788343733965762,14.43869182224817,S
a0000458,2.992953321262749,.2416917140323812,12.65385451224255,L
a0000460,2.716135241152842,.1063022661175894,4.636798687824947,K
a0000462,2.872398803610285,.08799001006151676,3.192670005678403,S
a0000464,2.800234946845439,.2055358777228548,10.17000774168045,C
a0000470,2.405197288939978,.0940032463714696,7.226290810969664,S
a0000471,2.893827046097588,.2286186619007832,15.01716440133764,S
a0000476,2.6507679615651,.07248560368494135,10.92618258100051,X
a0000477,2.41568281361029,.1877241391445746,5.287416136918702,S
a0000478,3.016198754464428,.08286327918201308,13.18342320733555,L
a0000479,2.720197661137945,.2188529743176889,8.682385243032147,C
a0000481,2.740513599584191,.157416403545381,9.844594809516046,Ch
a0000484,2.666794725440612,.05816507519774052,12.51364200036354,S
a0000485,2.74884767873612,.1924855315627264,13.86595088129398,S
a0000490,3.171908236413544,.09373890318918929,9.27821833564626,Ch
a0000491,3.189496346718981,.08724021349436352,18.86353742806057,C
a0000494,2.986421418141444,.06460148081636216,7.084995474823764,Ch
a0000496,2.198598379321384,.07948620647833086,3.791421728474005,S
a0000503,2.723148002691492,.1763372036543757,5.010391839559097,Ch
a0000504,2.722657910593427,.215067900283145,12.89775596817736,X
a0000507,3.154340919268973,.1003930620507447,9.49757019519274,X
a0000509,3.064082398499452,.09545650496937788,15.40821048891123,S
a0000511,3.164880378557866,.1881349692968724,15.93822347666015,C
a0000513,3.013883469812242,.08389464765878032,9.732480366822715,K
a0000515,3.119868673494779,.1753927154783788,2.038492726222429,Cb
a0000516,2.681776410630628,.2720024055391929,12.95697109914119,X
a0000519,2.791492082361763,.1831145204807621,11.01242132971041,S
a0000521,2.740566380684889,.2816207777554096,10.59746137505235,Ch
a0000523,2.966152659958725,.1780967858779153,4.313064978219125,X
a0000527,2.726534940847727,.1501707716308421,9.660135340154849,Cb
a0000531,2.786240366247996,.1972279793970696,33.98966767321365,B
a0000532,2.772546200291445,.1753527018431517,16.31537443687894,S
a0000533,2.97833250142215,.04537357745879288,6.556866093439121,S
a0000534,2.883532786131677,.05854779371652605,3.275141919481473,Sq
a0000539,2.738429096098767,.2131710709774155,6.799199347177297,Ch
a0000541,2.815778799924102,.04984307169196637,6.002483135566031,B
a0000543,3.057054478147271,.1542926678653408,8.479474400482385,Xe
a0000545,3.202996242634669,.1696453725851986,11.20185577279826,Cb
a0000547,2.774735785955337,.2348494496479922,16.85788892435007,Xk
a0000551,2.967778161598646,.1221270703910465,.3965779078164639,C
a0000553,2.230630075581401,.1100577253498839,5.389819344513493,S
a0000554,2.374422896352189,.1533181433390209,2.934718779981087,Ch
a0000555,3.189969811523312,.1496091190884847,2.646050972172461,B
a0000556,2.464368610918264,.1036824878562313,5.246060720639495,S
a0000559,2.7117235540874,.06578706692935225,9.301365147001164,Xk
a0000560,2.749918156005148,.1610655275929233,8.469424072166097,B
a0000563,2.712400824626763,.2358063343710505,10.24300772461095,Sl
a0000564,2.746319680058788,.2776801547236676,17.9937392211268,Xc
a0000569,2.657419587456237,.1812476149203875,1.291436022902227,Cg
a0000570,3.421758548603211,.1185422595882034,1.817008038881136,T
a0000571,2.408931987607567,.2439456810948211,5.227982232149381,S
a0000572,2.400130093178312,.1576204837640884,10.57900375561392,C
a0000578,2.750585066235494,.1923511451940844,6.150198603531083,Xc
a0000579,3.012229603497146,.07792992239617065,11.01926060673781,K
a0000581,3.210464467868041,.03394337121996445,21.89759179243833,Xk
a0000584,2.373760014677803,.2334708441286925,10.72379923088417,Sl
a0000586,3.045642509346893,.06155855151836415,1.62804299591302,Ch
a0000592,3.021559097756197,.1330712730879206,10.17520147079415,K
a0000596,2.92875153025549,.1633217245674881,14.66140049374208,T
a0000597,2.670482708691551,.1452403262776474,12.8045471461255,S
a0000598,2.761362067681594,.2499755166490121,12.22817592170819,X
a0000599,2.773857790401332,.2918314849120339,16.70761930225626,K
a0000600,2.660643774255166,.05641363133822642,10.20008560160013,S
a0000601,3.13526587895002,.1036789799315304,16.14268033840834,C
a0000604,3.148177634564236,.1978529250024115,4.419131987756203,Xc
a0000606,2.587226662793261,.2201582539439779,8.599496352664266,K
a0000611,2.977298235329067,.1225075252359454,13.44622402940088,L
a0000614,2.69320564775636,.1105977465784857,7.027043028321271,C
a0000622,2.414335074525769,.2431775446961234,8.637032180789943,S
a0000625,2.644102511353843,.2282443592080257,12.07985582030923,Sa
a0000626,2.572984614446916,.2428828188928609,25.37154104876746,Xc
a0000627,2.900852471922267,.05816667828935185,6.47246241734667,X
a0000629,3.143345429153584,.1539514931094254,9.258285040866923,X
a0000631,2.793201756463257,.08184125459106582,18.91739463853616,S
a0000633,3.018797790415748,.08350841818720467,10.90143312886764,S
a0000634,3.051860009698824,.1824198589006784,12.2813949281621,X
a0000638,2.735272755487279,.1591211927072923,7.713348799843816,Ch
a0000642,3.197463736471133,.1227149142962967,8.149713474546761,L
a0000649,2.545743517664792,.2789832239602233,12.71548307586612,Sq
a0000653,3.014321352209415,.03960317046850925,11.29158199319237,K
a0000654,2.297174525730221,.2311441525898676,18.12626697537425,Ch
a0000661,3.018485024193405,.0345191593363908,9.227519252216915,K
a0000668,2.792565447510919,.2357306422510307,6.843624190705635,Ch
a0000670,2.801493919957537,.1939902169087601,7.535634207373269,S
a0000671,3.092851178654039,.06675612713874932,8.027050301804877,Xk
a0000673,2.81415888629887,.01085732197321643,2.877536084808481,S
a0000674,2.922543819304666,.1954532267742769,13.50979842894133,S
a0000675,2.768576648430407,.2036249293518686,9.804560322611856,S
a0000677,2.954479155466407,.05050954040228058,8.486978086063298,Sl
a0000678,2.572502834034129,.219212892392646,6.094317866320837,X
a0000679,2.588806477163653,.3095020849490375,24.39667450411189,K
a0000687,2.720867888479912,.272652741369294,14.87941729415748,X
a0000688,2.698118338085801,.1398581443396373,10.24252326755289,C
a0000702,3.192326702405168,.01724409997308047,20.60222856268512,B
a0000704,3.057946071879848,.1546583254707291,17.30973948004646,B
a0000705,2.923332712393941,.04975219454106821,25.01382476223121,C
a0000706,2.729305673728577,.1941887485020544,14.42896754709458,Cgh
a0000712,2.574431174344683,.1870192838756406,12.76498779090999,X
a0000713,3.403631883416446,.1565712467233031,10.34748200009577,C
a0000715,2.768284172126311,.08288022480216199,13.8197603940233,X
a0000716,2.81491190880378,.08634770818311908,8.480344514080834,S
a0000718,3.057098919200518,.1991971857375383,6.928381538787997,X
a0000720,2.88606102199224,.01874989286621452,2.354189211899344,Sq
a0000723,2.992900015378305,.05471421782856038,4.989675556612596,C
a0000729,2.759228645186373,.0975701534253393,18.04930635597078,L
a0000731,2.988401566877765,.1407382705590138,10.68843681161033,Xe
a0000735,2.729290692214684,.321653289551057,16.879020431728,Ch
a0000737,2.589509761866871,.2452825046837256,12.36892488797282,S
a0000739,2.736688641216836,.1439264288043708,20.66199874063399,X
a0000741,2.71932920314379,.07046543995072803,8.413727705560035,X
a0000742,3.013302878258973,.1176032773747528,11.21826318416116,K
a0000743,2.793264117491451,.05941360641921246,4.834526672989338,Ch
a0000747,3.005864082446925,.3392297216891925,18.18137323106299,C
a0000749,2.243848419044985,.1729982797782546,5.394244098277142,S
a0000751,2.550518591005265,.1525922833416111,15.60768176550673,Ch
a0000753,2.328706124738873,.221376252417736,10.08980072440712,L
a0000754,2.988138237974052,.04932945721151787,24.53604079610988,Ch
a0000757,2.373002510414695,.1096207874390063,8.168654731623969,Xk
a0000759,2.618480300339623,.2055110358204,19.90405276175002,X
a0000767,3.122286470733909,.1819183399729583,2.412029499376644,B
a0000771,2.653594415180581,.2473380112823969,14.92813782594492,X
a0000773,2.858010777946819,.07874931045837129,16.66643614084973,T
a0000776,2.931359267698592,.1650641313706664,18.23708118979023,Cgh
a0000779,2.662977471573964,.227651266328809,14.58227694143832,X
a0000781,3.217018740931162,.11686646062018,19.15550751173383,Xc
a0000782,2.179954642840572,.0388264556205199,5.261485816349836,Sl
a0000783,2.342281087591702,.2297360352481874,9.341015974207437,C
a0000784,3.096713564063354,.2426733613176234,12.28325500466375,C
a0000785,2.568726737834546,.2106398540667656,12.77140306201413,Cb
a0000789,2.684982414867461,.147858904912986,10.78203686681495,X
a0000792,2.621719823745804,.1313829565259119,8.625136175317104,X
a0000793,2.794530912409799,.1253229398094163,15.78797046454903,S
a0000795,2.748143036327872,.1027335274811478,19.05455385708119,C
a0000796,2.633740838268457,.3203249239828335,19.05294646723517,X
a0000797,2.534616973908681,.06094189005003222,4.513028349051067,S
a0000804,2.83868439040046,.1402005762105245,15.39302294077767,C
a0000808,2.744468925325569,.1286462402742379,4.721943876063886,Sq
a0000814,3.153396205829029,.3072045134680911,21.82385570913953,C
a0000815,2.658714046365099,.07607072855275518,13.86780522562205,Xe
a0000819,2.197802560894146,.1417233962275778,4.895619425501215,S
a0000821,2.771188407685622,.2125774155783136,5.399759801746697,Ch
a0000824,2.792313252809822,.1377666991276001,8.126911214944162,L
a0000825,2.225774461901837,.07492751159003057,3.399608699164642,S
a0000826,2.712203109030238,.206040750418358,7.106775413991742,C
a0000844,3.20267217719875,.0690467545980594,8.777224827029952,X
a0000845,2.937823537394613,.06984363307407687,12.61031096510392,C
a0000847,2.782330510901657,.09575713618186296,2.481883962185572,S
a0000853,2.312128333788527,.1056349381490036,9.215310817582143,Ch
a0000856,2.435958591170913,.1189222387364432,14.32052681586472,C
a0000860,2.79736659779195,.1064535687430796,13.29653710465003,X
a0000862,2.803358620874625,.08206124803529782,13.88617023792784,S
a0000863,3.202592433968961,.02915799614872308,25.41381852981769,A
a0000866,3.123668831880591,.05218202913374402,8.661546443827111,X
a0000868,2.702149541636759,.1491140903613163,5.838181791385565,Ch
a0000870,2.321385144337273,.2650005368321966,6.192400908697069,S
a0000872,2.732186327124875,.07882112764488115,7.37409827499719,X
a0000886,3.169914947867712,.2701452419007176,16.86623763779391,C
a0000895,3.201838236267957,.14510694354307,26.07956896920744,B
a0000897,2.542404611272756,.09506823564295309,14.33064126629951,Sl
a0000898,2.730945650739166,.3712227709646295,10.08767957272946,Sl
a0000905,2.21559139605716,.1536862872096999,5.325790230889379,S
a0000907,2.803106946821781,.1607321092894031,19.55028061781746,Xk
a0000908,2.472436989882018,.1479039500992523,13.41550085244131,L
a0000910,2.925788590903507,.1539233600782635,9.209082913053384,Ch
a0000912,3.137454567934746,.1755058798890783,18.32820784124986,C
a0000913,2.197422552556056,.1706250102277169,5.805940544250261,Sa
a0000919,2.772061095375471,.08325520204145637,8.165973258500813,C
a0000924,2.941436739852997,.1535097436614961,8.981544386784293,X
a0000925,2.702292159232219,.07914727792275468,21.08433162771905,S
a0000929,2.238859314329355,.1131580980510287,3.91329504469482,S
a0000930,2.431442160653691,.1436223213611345,15.33324425289261,Ch
a0000934,2.747694487248469,.2181096285841538,14.07049434078226,Ch
a0000941,2.783637600174623,.1962860169298664,6.62543775903606,X
a0000945,2.635655457451702,.1631203318634534,32.88942694156958,Sq
a0000950,2.372053323891389,.1579852441311297,23.47359963083595,Sa
a0000951,2.209738531264004,.173680730085309,4.107051259404488,S
a0000961,2.693773618295876,.09088421154424696,10.99243425630721,X
a0000965,3.153577779527892,.2822581905010199,21.45742767839688,Xc
a0000970,2.559953152506498,.2714973450275558,5.032458985279774,S
a0000971,2.64014212328247,.1622613502702541,13.7923786015427,C
a0000973,3.212499556047324,.1120171973156285,15.8261052620872,Xk
a0000980,2.738805012981089,.2031244161441531,15.90841394426539,L
a0000984,2.80225467302452,.1973146065034024,9.093914865301713,Sr
a0000994,2.529196225565177,.1163548862747021,15.41060298578665,S
a0000997,2.669414915707406,.1830162573599351,10.50875536006745,Ch
a0001007,2.706233091124343,.1116501823097578,2.54299963796887,K
a0001014,2.805831989129478,.1995800639586844,2.268963024676721,Xe
a0001015,3.204708458738899,.08748154868067413,9.446386261713688,Xc
a0001016,2.219316217354493,.1283672871615274,6.034353566368483,S
a0001017,2.605274838198167,.07858261530111041,7.927574033312158,C
a0001020,2.788665955989446,.0441042409758132,4.059705298551745,S
a0001021,2.736281385212008,.2854555226060655,15.87074610737995,B
a0001022,2.804255115845482,.1746216050887142,21.05723901833416,X
a0001024,2.870362282040376,.2227580090894936,16.08447841489749,Ch
a0001025,1.979167083397307,.03929288849622594,26.86093189382749,Xe
a0001032,3.127950416973388,.1427786731872198,9.48422829405089,X
a0001034,2.29287955001293,.2631267487584212,3.971477400708479,S
a0001039,2.681857195795447,.06007648368286995,4.554656079500629,X
a0001041,3.071492674735711,.1441137369402654,13.93589127646506,C
a0001045,2.358474764464086,.1598698860548602,.2648102781006722,S
a0001046,2.982752900414881,.06470215541076162,7.899245813749634,Xe
a0001048,2.732684016801537,.1805829484207781,15.80886266304944,Ch
a0001052,2.236002188815258,.1435455470226613,4.697051341690102,S
a0001055,2.198868321214212,.2081590756971165,5.277226083170795,S
a0001056,2.229930728629588,.1778109055698725,5.427716874090279,S
a0001058,2.196208493037781,.1877365718573887,3.693135719290984,S
a0001069,3.126715227111733,.1101566464757244,13.56170677740585,S
a0001071,2.804411654181824,.108989706075239,5.365032627983505,Xk
a0001076,2.473658185973401,.1458721242462222,3.320253412717546,C
a0001086,3.163427333766533,.05411617254646003,8.358199529480439,Ch
a0001088,2.201609580444601,.1955396670229061,7.652198751258003,S
a0001094,2.545094293781639,.1333547257691368,14.02613725245551,Xk
a0001098,2.687864658016681,.1185702904949421,13.37805241602007,Xe
a0001102,3.068548641587548,.1105411554524185,15.82824430843757,S
a0001103,1.933918963694329,.09450351614113127,17.90117938342846,Xk
a0001104,2.629267127907474,.3437610325251628,6.441828821201006,Xk
a0001106,2.596175143907571,.1263606632093844,13.06423148162003,S
a0001107,3.183827865115035,.124130779711129,7.074411765801139,Xc
a0001110,2.218330891291559,.2412312246021842,5.856048717354854,S
a0001114,3.096291787245134,.07100755606977735,10.71785319520575,Xc
a0001126,2.27291176999127,.1466387710953101,6.502064022715945,A
a0001128,2.786611664821718,.04507972594414291,1.012652887560331,C
a0001135,2.66516625441618,.1159001810706294,4.540487071832842,Xk
a0001140,2.77154795231973,.1126280059601953,14.13591059081425,S
a0001147,2.271008351821091,.2317598122105829,3.881604226449718,S
a0001148,3.016819108099789,.1083611922599048,10.82852757712443,K
a0001152,2.426391842972573,.04197942846762239,5.07902779682425,Sl
a0001155,2.463888564557672,.1641917895318383,6.592957843220796,Xe
a0001176,2.692107813157569,.1434568665494403,6.646361951606457,C
a0001181,2.66251745782796,.196281686162631,5.603395402684309,X
a0001185,2.237153948428751,.1056977251920792,5.701420231929643,S
a0001186,3.021154022222351,.1007963918687516,10.75102796969693,Sq
a0001187,2.639750478178221,.2225082077913731,10.69713746308591,X
a0001188,2.190219994831795,.1807295552696709,4.816684300750076,S
a0001189,2.931944354364753,.1145883415485893,9.868123424681825,Ch
a0001196,2.653313827872699,.1792222645034642,17.66671907488808,X
a0001201,2.699715547668823,.03897243425743131,7.000629332818121,Xc
a0001212,3.951409292639126,.1908263048098639,7.59081851050009,X
a0001214,2.710914106366158,.1175393674646792,9.841154507258659,Xk
a0001222,2.793874689562563,.2498304478557272,19.590259438619,X
a0001228,2.768056708768753,.04195737079607082,3.280411059546335,S
a0001234,3.015193105166853,.08638425398094772,8.525587140850288,K
a0001248,2.721977875864606,.01655920227499411,9.138657938234131,S
a0001251,2.715718161281689,.1578373884050183,6.049873756364379,X
a0001252,2.694271712871562,.2075800107839512,33.83855558265758,S
a0001262,3.002044039865505,.004735195822666664,13.130793718767,C
a0001263,2.665392301403183,.1886907787379029,29.26823220912224,Xc
a0001264,2.86570966579535,.1553151640048528,24.95446370502771,C
a0001271,3.14092288118908,.1202258485738417,6.681312120364064,C
a0001272,2.784386622281181,.1506364455271555,8.415392943633375,Sl
a0001277,2.700518061546293,.2371810156545382,6.968628970853345,Cb
a0001278,2.405318985951687,.2629785065668266,10.85549759173674,S
a0001284,2.645028761888018,.1712357939812489,10.88566613204313,L
a0001294,2.685567870232251,.2339614163965241,8.72750635527413,C
a0001300,2.783543751798162,.00553667995631916,9.552198830617391,Cg
a0001301,2.766292550164944,.2699070074896845,34.03450244398513,C
a0001304,3.19598024017801,.1176141513067007,18.99413210756054,X
a0001323,3.228632251791885,.1481685590662696,18.78634950889584,Xc
a0001324,2.184963241988374,.1634700986177044,4.519406804080892,Sq
a0001327,2.782181859110846,.16037508412385,5.819239285034968,X
a0001329,2.616751136124157,.1727689330730915,14.46896072443646,S
a0001331,3.097608593237754,.190610165336084,3.101106301866269,B
a0001332,3.062963126004305,.1321101598670147,2.456330034607359,Ld
a0001336,2.849078761432362,.06521703608155711,3.197494882160141,S
a0001343,2.568357220699511,.1135465344974548,6.035445604323058,C
a0001348,2.791623091388065,.1371268042025503,6.588657381282202,Sl
a0001350,2.856659932866722,.08947865677280542,2.939299041123763,Sa
a0001351,3.195149066787379,.06734789706077331,9.643075276915583,Xk
a0001352,2.7771526233779,.06638737358739065,3.757341914580645,X
a0001360,2.634698413164571,.2139014235908838,22.82655347181015,Ch
a0001372,2.766932059413437,.1485067364910464,16.44757103605829,L
a0001373,3.420763583478533,.3142784785418806,38.93641108428365,Xk
a0001385,2.741174153955821,.1072268896484334,6.921489604584507,S
a0001386,2.364559152020325,.2865083733623031,11.82162096350326,Ch
a0001403,2.716118477834397,.2945151215606749,10.18032882700326,Cgh
a0001406,2.698635280320016,.09619168339926799,12.41200928982667,Ld
a0001407,2.763284515713861,.2826885506738988,5.820255834560476,X
a0001414,2.78422183743316,.1610378511079492,8.855011659472257,Ch
a0001420,2.749390318123261,.07632171767078866,3.485586251793759,X
a0001423,2.860381243981921,.07992187358841595,2.907141146435951,S
a0001424,3.19157401625731,.05753422003225739,9.16345423189699,X
a0001427,2.750529667378799,.2118618407865797,9.346778801707801,C
a0001428,2.810580327409778,.140758081420101,17.30481254816254,Xc
a0001433,2.795938294708322,.171062364476099,8.236528948808891,S
a0001458,2.627344210507598,.1797007274229664,12.53728507725125,S
a0001471,2.716277506120548,.1184479781938638,13.60600753657282,T
a0001480,2.202437568125023,.1091024455909042,4.861890715681511,S
a0001483,2.718995960551642,.1764129449239104,4.495196114938914,Sq
a0001484,2.738395302242979,.2035254060109487,17.30249653823509,B
a0001490,2.353555845970111,.1548148139278077,10.02149188226671,Xc
a0001493,2.429922432399436,.2011367378740461,2.577153170461788,Xc
a0001494,2.190167814760429,.1307161810151276,2.455519197173112,Sa
a0001502,2.731234117551394,.08869822353885311,4.095107199079084,Xc
a0001510,2.671705186762911,.1483099635845881,11.82158387184951,C
a0001517,2.716996211251192,.04551515185193832,5.277222211053949,X
a0001520,3.110640183332415,.09485867012210059,15.27779096855868,C
a0001534,2.728845919495631,.2519654617263349,9.793860731283493,Cgh
a0001539,3.145172792331335,.1902704653610288,1.731905425187849,B
a0001541,2.767332885639267,.06994401245538594,4.871024801231852,Xc
a0001542,3.094039614477394,.1163157407311148,2.766190440365997,D
a0001545,2.769197753167528,.2383224108424862,2.954011059775555,K
a0001548,2.787965594884438,.07917710395713383,16.54599162660692,Xk
a0001549,2.230738962725412,.0843814428635255,5.548449576835204,S
a0001550,2.543985510023709,.3136442195310183,8.881042658842309,S
a0001553,2.905869353114726,.1004608008746978,3.235157668101729,S
a0001560,2.683010746954396,.2139083580852038,6.286524442633177,C
a0001562,2.226254028872706,.07790453330902999,4.883670606132616,S
a0001563,2.191091887702874,.08603975415558665,5.982623102823334,Sa
a0001567,3.211960771372507,.08299508890675802,17.27810078121654,C
a0001587,2.546523273206001,.1534447607835336,7.827476983660019,Sa
a0001592,2.765724386224617,.305379833233493,13.53721047072034,X
a0001594,2.268902867943404,.1952347108531332,8.945856803749082,S
a0001600,1.848805711472999,.03735743329183663,21.17297238280721,A
a0001601,2.234426946913601,.1297704939998392,4.9400065592661,Sl
a0001603,2.754558666278605,.09541113065958952,8.557939382570703,Ch
a0001604,3.023690231526658,.1020299990835586,9.394902477142013,Xc
a0001613,2.734403429894642,.2618848472213408,7.985349639050581,Cgh
a0001618,2.868874935549784,.02740777119334649,3.224872848332269,S
a0001629,2.237788560283034,.1550442943121214,9.700236494963644,S
a0001634,2.246257041906136,.162131859990883,7.598156497645286,S
a0001635,2.854353317459053,.05789924680297409,1.822109301474291,S
a0001638,2.750578354459673,.1875298591623399,.2927357019919212,X
a0001642,2.751968682438731,.06615951047346676,10.80030493100486,S
a0001653,2.609534047268744,.3235412092771057,4.070556828419267,X
a0001655,2.779324143370796,.2354484589891983,9.601126485663363,B
a0001659,2.784560843914601,.2592236175230347,16.42576015363303,S
a0001660,2.395443845405699,.3012978004641682,20.57323826054512,S
a0001662,2.742643469349384,.1724205094138292,4.229086771225012,Sr
a0001664,2.339285110677506,.2243794137561066,6.117520313755263,S
a0001667,2.190138896474312,.1559050327092957,4.61738450728721,Sa
a0001680,2.725212725179022,.1825326120933765,4.261393616248776,S
a0001692,2.787134939740967,.1384745224846906,2.427260689357803,Cg
a0001695,2.785135512469484,.2899888960161884,16.6946444059822,Cg
a0001702,2.855364457216512,.1440847359800294,9.965886330048095,L
a0001705,2.29943163994409,.2450889756549487,7.708574346464254,B
a0001706,2.125689600836793,.1145224912487432,1.876131134440329,S
a0001715,2.398390102376535,.2410151432257976,11.47062214893608,X
a0001716,2.734561960742226,.08989194984210666,5.733966097386147,C
a0001724,2.710690132315551,.05772372307277605,12.23179597915548,B
a0001726,2.787804502103048,.04248321911341075,3.483604871592853,Cb
a0001729,2.229872426110761,.1008759573956627,2.441837739566952,S
a0001730,2.786306652139442,.222259104090173,9.486241023127356,Xe
a0001734,2.776874381499193,.2309065592681886,8.344921405296734,Ch
a0001738,2.183294166181446,.2028435321206084,4.877152327687552,S
a0001751,2.788724462365787,.1746610751224758,8.13149591331833,S
a0001766,2.748133005632015,.08847877476122767,5.228528338569135,C
a0001768,2.449873006873459,.1790951309298914,3.254659222516243,C
a0001777,2.626889077019096,.01786597255980985,3.146178655710099,Sq
a0001783,2.661685404577376,.1327391175722028,11.50038368043215,Ch
a0001785,2.236008518752448,.06931230166582716,3.774704443650479,S
a0001795,2.784869485970578,.191167952094852,7.528319395044316,Ch
a0001796,3.357502474891834,.05648524996743089,22.57946097468207,Cb
a0001797,2.236737706009717,.02384472719174289,3.139556757482152,S
a0001798,2.198775280834602,.1222723597617711,6.19303005017917,S
a0001799,3.026722842968487,.118202858235931,11.48882035113821,K
a0001807,2.225963885943771,.1785542949544296,3.491930072947506,S
a0001830,2.188423661179483,.05631152733410756,3.954038619659784,S
a0001831,2.239208362948565,.1279411602301841,5.633459733490681,S
a0001836,2.785335284166833,.1912820931826197,7.021523619307412,Ch
a0001839,2.799724538787582,.168211563854988,10.16580218424792,S
a0001847,2.609974437061688,.02092544991665562,11.14469082641941,Xc
a0001848,2.869985721442367,.04599899214637815,1.440931566055004,S
a0001856,2.236657349132476,.07958926637050104,4.741197919384691,S
a0001857,2.243571237981025,.1350648742665129,4.401007575563384,S
a0001858,2.698046459333012,.07807812842015337,1.661395563530874,L
a0001860,2.567836714243715,.201036601144872,9.918298157291689,X
a0001882,3.006737278070819,.09201323661341368,9.485826775706592,K
a0001888,2.548057671774258,.166991574641149,5.859762300422131,S
a0001891,2.706795785959704,.06832705747913756,11.50549019547524,X
a0001903,3.005153934490043,.04503315454152933,10.96248821557706,K
a0001904,2.743750154402034,.07245597406177512,12.82481878062694,R
a0001923,2.435027918930777,.06304868912848514,4.957871223792313,C
a0001929,2.362426838853644,.07444865109062383,7.779972981151795,V
a0001930,2.89901760966279,.1415736793516635,14.05547696762107,Cgh
a0001932,2.371804067174144,.1589897629905858,1.89074390673229,Sl
a0001936,2.677400640287732,.1360311377727538,10.25625586056775,Ch
a0001948,2.533888414315651,.168676200691018,5.82685695642911,S
a0001968,2.740533667646529,.1120798105467907,4.595221882667844,S
a0001970,2.780629230697725,.1578012770433208,7.067650372423708,Ch
a0001977,2.780010081050968,.07355661730560198,7.766144332219712,Sq
a0001989,2.351490169588507,.07662592468245254,7.764454721419829,C
a0001998,2.418913764475055,.06370179716673342,7.624898485239909,Xc
a0002001,1.933539292509087,.0987123563070167,22.6811132939924,Xe
a0002019,2.241032521084799,.1652295404485649,4.044318886056144,S
a0002022,2.707462862475325,.1177781208560594,5.655154383325866,S
a0002029,2.3509487462048,.1278140775212968,5.588442731465795,S
a0002038,2.43529104764733,.09060676720008136,14.80951974628477,Sa
a0002040,3.122765134294054,.1857963518130225,14.64374830677886,Ch
a0002042,2.752774055574595,.1509602088507862,5.316601128442701,Sq
a0002045,2.379498786265664,.0557434812776442,6.905830137957878,V
a0002053,2.80079469001555,.1440593349114765,8.505437195292311,S
a0002056,2.217893976441021,.1389534767418721,3.936007699413078,S
a0002065,2.69748109570422,.2343610765345319,6.435778608054874,Xc
a0002073,2.715332471933051,.1123998705937372,2.963745546258326,X
a0002085,2.698794077661199,.08638859216086524,3.834423673516401,L
a0002086,2.402096576236161,.11100567297435,6.48088503448631,Xc
a0002087,2.205575779566694,.05816756771717289,1.828921708489234,S
a0002088,2.207149219280227,.07901617806785255,5.539353739463943,S
a0002089,2.533757627552862,.1563175791183758,15.3783634999245,Sq
a0002106,2.705049692580113,.09607876984882607,8.027420941512959,C
a0002107,2.626692634159354,.07866591199458216,8.827617168741407,S
a0002118,2.546155679125499,.22060607683918,6.300246817253944,S
a0002131,1.887359397954353,.1110189327972347,33.99069528455612,S
a0002141,2.803745379573923,.1299158405948192,5.93937593589316,Sl
a0002147,3.173164569703443,.05603062318457092,10.08024436034742,Ch
a0002152,3.125222317012298,.2202675555466248,13.96430796070682,Ch
a0002157,2.782712441033901,.1121176156119254,8.626032499924328,S
a0002161,2.747687082423471,.1626312570741826,7.304967973251767,C
a0002167,2.542565346740057,.1842193857648653,6.02731570683608,S
a0002169,2.788025608895556,.04931932360878755,1.527471574260756,C
a0002185,2.710247019474084,.1598900559701959,9.59501106802781,S
a0002189,2.402909488705332,.2263518343309648,13.91780342716374,S
a0002194,2.327883466740718,.04234184500365246,8.523885706964924,Xc
a0002231,2.727779680550425,.2520579057837931,8.236246913016791,C
a0002234,2.700922619754234,.1987997008711123,25.23435585102241,A
a0002244,2.811354193910414,.1811157896735464,7.823302073028101,C
a0002246,3.95485120587461,.0934569099677738,6.49523702508023,D
a0002251,2.709587626366848,.1492385390699149,7.439503664572206,Cb
a0002258,2.693254512917449,.08092808081879078,1.478999556049887,C
a0002268,2.938915071570105,.1159740622599375,3.304688892805067,S
a0002271,2.75949148722462,.05939612725376964,3.388688852550771,T
a0002280,2.179292108676361,.1407319745819894,3.568783311184043,Sa
a0002282,2.203179716791413,.0799875095737546,4.982965889640056,S
a0002305,2.786248151473881,.03117071941941301,7.457714068809576,S
a0002306,2.731265968830239,.06455041428277407,4.234902695302625,X
a0002308,2.548392369073594,.1721983796473465,14.17498544514844,S
a0002316,2.451151853650233,.1662058762041362,1.816995421366684,C
a0002317,2.52417457284085,.1644384852826858,4.167692834003494,S
a0002328,2.341912841468456,.1457997109318867,10.01348965064367,C
a0002331,2.426190094696764,.2204263011251864,3.712255467060761,C
a0002346,2.371215555453583,.1566075730611496,5.925862077751231,C
a0002349,2.767801813079869,.1202453967662072,17.48923597869271,Xc
a0002353,2.804899923364049,.1130056326632271,4.79554132800981,S
a0002354,2.730462156532354,.1031881950142591,3.268961765998492,L
a0002369,2.782186979162015,.04705151326469097,2.631859755113016,S
a0002370,2.714551983695886,.1824081867679814,8.265193591338306,Cb
a0002371,2.440319579543085,.01360133191439887,1.778838628074966,R
a0002373,2.796145329723074,.1718109332337574,10.07883403413831,S
a0002378,2.88884556907622,.1425244048432604,14.24553685522301,Cgh
a0002380,2.191880980300953,.05972846928610467,1.921254198482508,S
a0002382,2.760684366632385,.3292696135610553,30.99105435133968,B
a0002386,2.813593512761002,.1587721883411825,9.085399775438178,S
a0002390,2.620567023201914,.1439588017773514,10.32795880382172,X
a0002396,2.79541888214312,.07172495926962627,12.58925511761022,Sa
a0002401,2.76947958894498,.05924559849334469,4.328501670232884,S
a0002402,2.221820732350642,.1305202413826352,5.16814017645569,Sl
a0002409,2.265811977171166,.1914571045786317,3.512401547316518,S
a0002410,2.21540293694243,.06287453026551709,2.396603723120346,Sl
a0002427,2.739227395541307,.1657703194163307,4.162306089922088,Sq
a0002428,3.164286485156357,.09612398461767685,9.312849073862232,Ch
a0002430,2.361863107767404,.2147786669934817,23.45965148353784,Sl
a0002438,2.243787263571724,.1081585484125931,4.900949797227054,S
a0002444,2.728131732742028,.1320008284640711,15.12164998055819,C
a0002446,2.354927564126904,.1612916642359379,3.310940781934996,B
a0002448,2.79025342525049,.1174542277399786,17.68759172211154,L
a0002451,2.723222259308599,.1528710020819626,8.592073924343653,S
a0002455,2.727665836823419,.08774691699555978,7.540952472157466,C
a0002465,2.754000740924279,.07333415496326372,3.853052321589741,Ch
a0002467,2.213219098082944,.1603124678948957,5.800331882073091,Sl
a0002468,2.326482012511131,.1559869510734258,5.720913947276513,V
a0002478,2.225353243671016,.06883756970035153,4.139866610506707,S
a0002482,2.928069797074496,.06500578593174065,3.131275422965313,S
a0002493,2.790002008155285,.1689340058602664,8.726805846411175,S
a0002501,2.421757214843505,.1962781425669059,3.302694753294507,A
a0002504,2.760169132419706,.08873273764314782,4.072838888963304,Sq
a0002507,2.781304363744174,.08159238511453726,10.31859070189035,Xe
a0002508,2.368250429908951,.1272173898543665,6.080574925680966,V
a0002509,2.456261620072455,.1943806013024365,2.850808040304777,C
a0002511,2.298388670136974,.103760951511976,8.047903052555938,V
a0002521,2.792236172518801,.09339842903162825,7.723399688380797,S
a0002527,2.466537184839312,.1856035730232724,2.615016982813705,B
a0002547,2.385723549647513,.1280715212939939,6.190915296472158,V
a0002559,2.787577220235618,.1547061502766384,8.886451716251001,Xk
a0002560,2.749259054675154,.03504691066161304,5.936952302393567,Xc
a0002566,2.449187906963489,.07862029188015136,5.079269510786796,V
a0002567,2.73563615351055,.1420937024849998,8.914811796024985,Xc
a0002569,2.625889061051041,.1623370328026423,11.49528047008202,D
a0002575,2.239973945941443,.12313735656002,4.67389772812573,Sr
a0002579,2.210213623061369,.07485073815400484,5.775964308651277,V
a0002582,3.203947692649873,.06566029769111971,18.14717936560211,Xc
a0002598,2.780723953947272,.2176073193093189,7.776524925259665,Ch
a0002604,2.387106233587975,.2332643575713687,14.84286339555035,Sa
a0002606,2.758399409089144,.2645259313421617,12.45189610524787,Xk
a0002625,2.195775182731978,.1411521212893787,4.460654829388965,S
a0002631,2.796838700203588,.1618915614463012,9.582059483039062,S
a0002635,2.231881010017282,.07859333111627037,4.167222001226365,S
a0002640,2.397145071567144,.08888158432266917,6.655143043532877,V
a0002653,2.443669090578875,.07967226101216836,4.747941838174,V
a0002659,3.127843066964394,.1034254222595896,1.321424972672931,B
a0002675,2.213391523157318,.1013743313299281,2.751229257017735,S
a0002681,2.7503905635829,.190182189436577,3.9811868514755,Xk
a0002703,2.193217022886777,.05701932124401512,6.031516106636594,S
a0002704,2.385819037251549,.09579261817559652,4.517925310321547,V
a0002708,3.08108094779281,.1775281299483488,2.78271689069258,B
a0002709,2.195090184589131,.06975710697224118,2.732765758203774,S
a0002715,2.735866229141102,.1499076526254896,6.745015282950244,A
a0002720,2.330591840666146,.2032354040274952,3.289308273781089,C
a0002724,2.926195781255509,.1200083870459727,3.98084994150978,K
a0002730,2.72095255045585,.1300120401425548,6.428400284288947,C
a0002732,2.761508474679044,.02311436428540457,6.493175642535737,A
a0002733,2.346208284523532,.1375377165572413,10.41185085703261,Ld
a0002736,2.290504998288648,.08508241271561569,7.460934651517894,Xc
a0002737,2.746052202860447,.195809664046304,8.823642461545075,S
a0002746,2.248020525671576,.08489851252811899,3.976210105566217,Sr
a0002748,2.808120994722891,.1347190402750713,4.218158449747816,S
a0002750,2.212387589836558,.07539110958227567,5.173186374440303,S
a0002754,2.228795075778558,.2319897613774943,5.711796886834569,Sa
a0002762,2.33039422586022,.1527106466752207,4.706004459942817,Cb
a0002763,2.404239855193833,.2182034842634633,3.541025586669301,V
a0002772,2.314112834046953,.204551797865533,9.789139817408447,B
a0002778,2.281359215867075,.1217326788258468,4.614566095121086,Cb
a0002789,2.227431624464631,.1634072943731368,3.817636637594673,S
a0002791,2.396046530392704,.1724072945362862,31.08389312721572,Sa
a0002795,2.295620312467683,.02815715939046657,6.042810977524548,V
a0002801,2.80184286156928,.171239711326308,9.554596336521675,S
a0002807,2.797360668822299,.1808644129413443,7.864675503746548,C
a0002809,2.428773256823298,.1804296122631478,2.474094771424855,B
a0002813,3.133654208113248,.1533409650149973,14.7644449167789,T
a0002816,2.727557693668571,.1880689712147104,7.712860903304622,B
a0002818,2.375941014245639,.1507887508239221,2.957197784840083,S
a0002827,2.308928366092524,.03042136460768688,8.621942007342311,S
a0002834,2.541978387339609,.1584451486506533,6.43443244348509,S
a0002840,2.398185475088162,.09291579151585019,8.509185988085065,Sl
a0002850,2.450419704005618,.04920442721638291,7.850023163503665,Ld
a0002851,2.478876699923584,.1232229385033891,8.54695787470818,V
a0002852,2.785465735848595,.08458544082980031,1.701443985422873,Ch
a0002855,2.453690147287177,.1684305196881361,8.143421209770452,Sl
a0002857,2.400340293078339,.09566620680748396,5.732226648869666,T
a0002861,2.473141355569078,.07182992655379049,4.041894170588124,Xc
a0002864,2.747081389783206,.1492638409683286,3.142335728150457,Ch
a0002872,2.740103012510918,.1209800379808913,2.873645962254391,D
a0002873,2.250745138014096,.1584679307491399,5.901140896821631,Sq
a0002874,2.244476172588426,.133733779811215,4.892952312909672,S
a0002875,2.795787667767691,.1038748500605546,9.045341767942366,S
a0002879,2.769289678374539,.1415223087292954,10.7164701786588,X
a0002881,2.247655498088913,.1548368296170533,4.615919882884564,S
a0002892,3.181207407324496,.2036892507076896,16.9343002342887,C
a0002902,2.202781476993155,.1987592999723501,4.377484527784332,Sq
a0002905,2.804794356532561,.09463990135768964,8.89876008141866,S
a0002906,3.1722883034905,.1048172962688422,30.68578473110595,Xc
a0002911,2.791799830651982,.09807567578307853,9.617974145232743,S
a0002912,2.289836608746723,.07131199931887688,7.277209973500471,V
a0002917,2.795257246291463,.112620504374482,12.81848526589741,S
a0002925,2.386765983829475,.190520174065015,2.223027597407867,Cgh
a0002929,3.122150764669868,.06778964074837869,14.88798529857579,T
a0002930,2.781548572694004,.02172616610456564,4.058484291859025,C
a0002934,3.169119017573101,.05165038933193306,8.796219393526918,Ch
a0002949,2.194565913193429,.1398357087090182,4.86587570968176,S
a0002952,2.313158244464312,.1714811641369202,3.318307843894594,Cb
a0002953,2.828738124495503,.02129237067164996,1.072646560350113,S
a0002955,2.180203082482914,.1155542386643214,3.592729512393715,S
a0002956,2.766016544771326,.09131207911402098,2.868956033217081,Sr
a0002957,3.018748400584862,.09312113962606337,8.714815494110555,K
a0002973,2.468303487786116,.1527548838718897,1.555760652665078,B
a0002977,2.783097536950715,.171324066452601,9.589756907530395,S
a0002988,2.607717029908916,.1237860638502967,14.73322585801093,S
a0002996,2.78116277309248,.03174323860503134,3.662344208300973,Xc
a0003000,2.351126621791595,.1804919464958208,2.751362089307525,B
a0003007,2.368150674292829,.13280217503853,8.332815818342135,X
a0003020,2.762052865788852,.05913749808088245,6.271467570254644,Sl
a0003028,3.017622571264344,.03154574890430926,9.513058898698079,K
a0003037,2.672741261063503,.1890749501481006,19.02408955991083,C
a0003060,2.277441036591369,.1774905614179011,7.25871875614187,S
a0003065,2.718352488392525,.06521479582712253,4.305384745385312,Ch
a0003074,2.339119829812477,.1105270572553001,2.415426778143854,B
a0003085,2.387398360415822,.1013576799086146,3.833473394834163,Sl
a0003090,3.172642247150916,.07352467621025309,9.561170777288263,Cg
a0003096,2.666088795085439,.1953427881934043,12.14984669921622,C
a0003121,2.227519332969974,.0855741209312071,6.365985599162331,S
a0003137,2.401119431058748,.1897345618221686,2.47878511686341,C
a0003151,2.764194932954475,.1360923159121808,19.49762473703193,S
a0003155,2.343851585994257,.0998454778876508,7.197956955387302,V
a0003169,1.891867903430204,.06681692435299268,24.9071651068461,Xe
a0003170,2.927272958383159,.0885190160518909,2.015808839576232,S
a0003175,2.363591114395682,.2119889941947613,.6452226335982826,S
a0003179,3.087949477352268,.1613990948478303,1.760546812599002,C
a0003181,2.228764023585591,.0654580445502001,3.958586210095271,S
a0003192,2.377223050896503,.1684332814770207,2.878883094189191,C
a0003197,2.665526447005494,.1810158122614443,16.4101500717575,Cgh
a0003209,2.192133164433103,.0535712451916469,5.233255274175604,S
a0003214,3.011951841043826,.06123634105556423,11.51031882440213,Xc
a0003216,2.396398505025677,.3026451456259575,4.911278127066608,S
a0003224,2.781468720695918,.1677676522302927,4.318826495739996,X
a0003248,3.204281014973494,.151474163826487,10.89936890015299,D
a0003249,2.346584587874931,.2459709661890722,3.368898086345324,S
a0003254,3.968916025785278,.1614935429575729,4.438655243802339,T
a0003256,2.777861866843566,.09911549255277489,7.83695913252939,X
a0003258,2.206278775856901,.1960219341409716,7.552516713874708,S
a0003262,3.007348215680034,.06657640766249026,9.458254870797948,X
a0003265,2.410633313540864,.1427614721539639,6.930334529973833,V
a0003306,2.247877640021248,.1447213079713036,4.526503516602392,S
a0003307,2.260193734975291,.09528580246090153,6.374500166612672,V
a0003309,1.817514073076156,.05338849228837544,21.13544052812633,S
a0003311,2.789072033501997,.04095418664443511,.9310026222105919,T
a0003314,2.218027077386278,.04514463466252713,7.40611014429371,S
a0003320,2.458996187595553,.04811327575501875,4.065662032821099,S
a0003340,2.23365891387436,.1944289335876133,5.600663528947645,S
a0003345,2.473603578141567,.1900049770865006,15.85298514833582,C
a0003349,2.739075097709309,.03056127284646619,4.236167000551442,L
a0003363,2.776671303202755,.1017162648580835,3.331355981880484,Sq
a0003364,2.198905964744413,.1042663334436945,5.548945743586731,S
a0003365,2.712891083571229,.1735255308963792,7.799402760505564,C
a0003367,2.785098193758667,.0687877660936638,5.319736852005342,X
a0003371,2.738231238986612,.01314892238079533,9.66833140311677,Sq
a0003375,2.171664921422912,.02529125604752858,1.079884126614294,C
a0003376,2.349146839608634,.06604867056267723,6.347762784572057,Sq
a0003385,2.220651799261572,.04080446912100998,6.80300830571497,S
a0003389,2.771620689038743,.1388437726220691,7.062963007211232,C
a0003394,2.316638251412593,.1978421267250285,7.092520987205212,S
a0003395,2.792064188007196,.05710827068419089,4.029648408984945,Sr
a0003406,2.796917874945541,.1314634411140851,8.358924483900896,X
a0003417,2.423266975705475,.2269352286750349,7.949065598457333,S
a0003430,2.758217684195613,.09826623168758794,4.427950968925948,Sq
a0003435,2.324428194393277,.045782882036867,7.720580715840394,C
a0003440,2.804384681240011,.05510699661898178,7.540165765685638,X
a0003458,2.448922002235594,.1563756722351777,2.132047490668659,Sl
a0003474,2.55595811147296,.208210935694203,5.989586014025474,Sa
a0003491,2.791874457964272,.09708663143272235,4.01130515287361,Sq
a0003493,2.203512220788793,.08812371842082926,5.975924648437164,S
a0003498,2.354593300924703,.1020666933580578,6.238097893325494,V
a0003507,3.13223351159432,.1580921455273904,3.247802324663307,Ch
a0003511,2.745434776619911,.2008453262085816,8.672105799894304,S
a0003526,2.790745529754492,.09256449307689775,8.491835053316137,Ch
a0003527,2.291938124906403,.1211965822409328,5.513440890694285,S
a0003533,2.219539944330287,.1172820618577886,4.868645871423614,Xk
a0003534,2.752584492772025,.1949222497202659,7.638264065973366,S
a0003536,2.342768548337713,.05007752955726154,6.547747896665429,V
a0003542,3.176948768880032,.08739764120873968,8.084827421756559,C
a0003545,2.871603939528409,.05730090296622006,2.972880091138538,Sa
a0003546,2.693691773330794,.02657174267047264,7.026588026037336,Sa
a0003563,2.790356310722761,.18071680328579,6.95879977307812,Ch
a0003566,2.360833398832435,.1268189859175259,2.273277098047358,B
a0003567,2.785849065679998,.3125880097493572,6.823705080446117,Xc
a0003575,2.750036485698117,.1226337949199055,7.758965271470588,X
a0003576,2.394554768056944,.1324259882961452,10.09375012612141,Sl
a0003579,2.73401117627462,.3561926434082029,31.06133970427581,B
a0003587,2.703005865874921,.03942430316615852,7.827805757043362,C
a0003592,2.345485460768379,.1915478419243883,9.663819071910972,S
a0003611,2.786330022713227,.215351189082101,8.493648176838587,Ch
a0003627,2.34877478282016,.1470478879935881,9.712596372158764,B
a0003628,2.539941015790759,.2973259410022691,6.880470982344196,O
a0003630,2.768050641999983,.2059050229846464,7.421219812159539,Ch
a0003636,2.277034833381467,.1759934660513283,4.101175833788946,S
a0003640,2.224726326755211,.08689271954743481,4.311726637586287,S
a0003642,2.787230744611238,.0811029330994146,13.47232610152575,C
a0003645,2.699266601350592,.08269050450597738,7.133463026169993,C
a0003647,2.79916879026557,.1030248313428323,8.049495541422573,B
a0003654,2.261715412517629,.2016057804063416,2.109336474769029,Sq
a0003658,2.186144900132685,.06475905462784272,4.01249591657951,S
a0003669,2.214324861963478,.0705467889341138,4.827181141001463,S
a0003670,2.741817280330529,.01597470019339555,6.448261783943241,X
a0003678,2.553079759557438,.188238338059963,8.284269447748295,S
a0003684,2.287459023346543,.1540317952020286,6.813212188759262,C
a0003686,2.74066410232637,.145533392421012,5.721225354119906,X
a0003687,2.726426792934998,.20050240873027,15.7986326766081,Ch
a0003700,2.414800154589213,.2257695929008916,12.12120031225968,Sk
a0003701,2.801819306191178,.09086181201557846,4.916960981886265,S
a0003704,2.410450044807086,.05028617180494151,5.894172574070571,Xk
a0003710,2.739319490168931,.1592324313258389,13.79959093917646,Cgh
a0003712,2.735048943382698,.2551106646621116,31.70132978916266,S
a0003713,3.021535957884199,.09719408261630351,11.37459140650421,K
a0003730,2.726335158560921,.1613703203223841,6.940936618644021,Xk
a0003734,2.746147740841604,.05349488357158053,3.485231644136019,Ld
a0003744,2.627766037013912,.2774821728312412,3.754177231611031,Ch
a0003759,2.719266625103972,.1181697945326785,13.05229854880476,X
a0003762,2.273651224258587,.07909723058709289,1.458306896432673,X
a0003767,2.603836329291159,.1366435779383337,13.70193534042817,Sa
a0003775,2.789299007259642,.2295984885428108,8.242690461019027,Ch
a0003782,2.41582618114229,.09405500175487924,5.249729999818795,V
a0003788,2.790079514391307,.1053433042052628,9.684084124362922,S
a0003792,2.292231922147395,.2202764155492501,23.69671234853235,S
a0003796,2.697249607725313,.1506536207780708,6.52103272220952,C
a0003809,2.690243386468498,.1070069709547676,6.560879030330256,S
a0003813,2.190935684095053,.1756520644846201,4.157432751286429,S
a0003819,2.772098170632528,.1386663153546807,11.11209527141335,Sr
a0003824,2.254489060558104,.2366201149081775,2.797908951530617,S
a0003827,2.741022347877842,.1283754637009608,4.096587002671426,C
a0003829,2.785382840160309,.1666761535648887,7.551065774197866,Ch
a0003831,2.167377923190669,.1958487184470228,4.581012061355699,S
a0003841,2.273523865135596,.1606874332229464,5.223982733306157,S
a0003844,2.732478854637447,.104035169998085,3.829833069114275,L
a0003849,2.474118543253965,.04797873361442329,5.775216213473423,V
a0003850,2.235116267500199,.1618520053139572,5.268912570293246,V
a0003853,2.808474979192265,.1372050285102808,9.08163136804389,S
a0003860,2.806743263920395,.153138243244456,8.12896250983616,S
a0003861,2.553398098011966,.1906871300064967,5.6721547813573,S
a0003862,2.542821023130232,.2479860384429296,8.989767680633609,S
a0003865,2.398570135536186,.07988661503271077,6.554701436655853,Xc
a0003885,2.753789255133433,.07144492928692417,5.323076266352962,Cg
a0003886,2.77499724643949,.09943838142783928,5.064211264164384,C
a0003900,2.370911824584134,.138501139694883,6.715094880839978,V
a0003903,2.931140421833272,.08002604494815317,1.310829174730489,Sq
a0003910,2.793967672878871,.1330150435622903,8.68826231137905,S
a0003949,2.2080817187333,.03203919136257466,3.781494241043593,Sq
a0003958,2.467589934363276,.2087312643404362,4.824575970105797,Xc
a0003971,2.848192405528361,.1845943753678533,13.01121352353908,Ch
a0003972,2.163338444458732,.1776620017890035,4.149388198058642,S
a0003976,2.757009259187772,.07152471053233629,12.7179324872042,X
a0003985,2.850142934024193,.09682155868634797,16.29931250156088,X
a0004001,2.287225017828419,.1719836428403709,5.457211559016661,S
a0004033,2.240078872290942,.09133262667994056,5.122227849315243,S
a0004036,2.799975471033329,.1518277042346478,4.680092773625418,Cg
a0004037,2.770535202939805,.1604734227632362,8.453161908130333,Sq
a0004039,2.416476460748715,.06223837135300427,5.044140168859471,S
a0004051,2.791269160768553,.1095325425114708,2.72335554128203,Sq
a0004072,2.144908827992499,.06468017353216907,2.161292849674942,S
a0004082,2.389468291745959,.2584951604325154,9.598677321064471,Ch
a0004096,2.811187040197301,.1517803988438887,9.076046380669515,Sl
a0004107,2.554819796585486,.202380340049238,17.53007016025833,C
a0004116,1.872350712061878,.08053585780762755,24.11188194992383,Sl
a0004124,2.785839833858816,.03260109833855246,3.594087803078543,B
a0004135,2.787884976095506,.2334646526654553,7.943966420169431,Ch
a0004156,2.698122856467788,.192398373094372,14.26182205508447,Cgh
a0004157,2.675055621668862,.1600101690928682,12.79967265303832,Ch
a0004182,2.800950787755558,.1311059306778264,8.048625742063479,Sr
a0004188,2.335601120025746,.1498114327590747,6.124050314904513,V
a0004194,2.698239035103493,.04453338257750689,7.528286585885816,Cb
a0004200,2.725100823243272,.2246913017681308,7.774460908981084,S
a0004215,2.416600148853726,.06192779557233045,5.753328490830347,V
a0004222,2.3666248123195,.2959815253547262,3.740827626024948,S
a0004256,2.351122348048096,.0696339330561858,3.043558779073193,Xc
a0004261,2.795743225684837,.1106615547019217,2.66121292952543,Sq
a0004265,2.428782728216155,.1991460708827262,4.357511215154378,C
a0004272,2.368356025462807,.2485439996490673,9.268874160142555,S
a0004280,2.37720938204551,.01039742738512609,4.627983226895046,S
a0004284,2.400238456976839,.2740670352126864,11.77090148902518,Ch
a0004287,2.207973437338579,.1864604006216461,5.482889642711883,S
a0004292,2.75114384618468,.04759471150576103,3.544335370971736,C
a0004297,2.335412269019079,.1927284528696651,5.860393008916817,Cb
a0004299,2.243871083600459,.1711422080693843,5.086015801051441,S
a0004304,2.451946274741111,.1483180075442309,3.066006845378067,C
a0004305,2.912737041539577,.07128930875843635,1.808069131139001,S
a0004311,2.441843719800343,.1477665640926079,5.483204159424851,V
a0004327,2.772331439636416,.2254282705236546,16.67462896152556,Sk
a0004332,2.584536463980014,.3150423597680648,19.16880358248141,Xe
a0004340,2.393768815165989,.2313345858985669,25.15575496305192,S
a0004342,2.765681170706229,.09096314317848102,6.079646381372729,Xc
a0004343,2.784618921228474,.1729035664881227,6.940999740295766,Ch
a0004352,2.760118918365414,.1975322681189558,11.09335761257606,S
a0004353,2.345689509082598,.1091536435559318,9.003078806876259,Xe
a0004369,2.609485041694414,.2526860729209242,11.821723776324,Xk
a0004372,2.930160785029126,.1234296779155008,1.504944263041327,S
a0004374,2.222858078784538,.1709518258515286,4.845760641283537,S
a0004382,2.540998710699608,.1953478882976572,6.241638340008852,Sa
a0004387,2.438059930464697,.01402394085352009,4.27278772848079,S
a0004390,2.400164349245761,.2386209818300518,10.72112427685906,Cgh
a0004396,2.219657493152936,.1918389252378856,3.74680550388995,B
a0004407,2.712138414604477,.05760042799089077,4.718058612206953,Sa
a0004417,2.758991768690759,.1067509429724848,9.004548597427506,S
a0004422,2.237959841122706,.179063743017284,4.804181221854075,S
a0004424,2.757131398635738,.0786758432432756,14.72228339330718,Xk
a0004426,2.752321610449493,.06726356375959877,2.093464371551379,L
a0004434,2.441170078177689,.1318576308622657,5.709022033396194,V
a0004456,2.375147337431756,.276713330540255,15.00536076795433,Ld
a0004461,2.850744393060078,.1305614757697577,16.02252181419775,X
a0004479,2.753693075176348,.1019596832986878,5.31018507691319,S
a0004491,2.173255913687795,.0291730076322747,3.671373965929068,Sa
a0004512,2.768617405404136,.206352670518805,10.32603829736248,Sa
a0004516,2.776927810064741,.01165165099110043,4.680814766759021,Sa
a0004523,2.682282579312409,.13974623041617,11.07397031021479,Ch
a0004534,2.796612271931095,.1779283003884285,7.2395245617425,Cb
a0004536,2.195320846883105,.08274331169632929,4.174179284033407,S
a0004547,2.612627789645395,.0699465191594863,18.01713457921566,X
a0004548,2.284902554429503,.06389449392885289,8.283513180969759,Xc
a0004570,2.198742682971363,.1084032550970556,5.013480900522427,Sa
a0004584,2.795636281270108,.1989301708872042,7.68160399020155,C
a0004591,2.453342025209304,.2383948353790264,2.615779892960721,Cgh
a0004604,2.174978986085673,.1286657687589591,1.408396937428079,S
a0004607,2.263659898130623,.01932548652863563,2.252556278069272,L
a0004610,2.401832584107708,.03668172732431425,3.589373160796943,Sl
a0004611,2.61680290252909,.1926962326677862,13.78418581298759,S
a0004619,2.688559753764751,.03000138829939184,1.818382874156145,L
a0004628,2.646282265901488,.1161045368039365,11.8016095283426,S
a0004649,2.742825238523263,.1219992987927018,15.42273385467756,S
a0004650,2.236683808304091,.1482061578338887,4.743783107635263,S
a0004678,2.264543377378286,.2142568939261939,3.742077918872735,S
a0004682,2.270055839521603,.196084662660589,3.821690647071893,S
a0004686,2.365324457666315,.1581831836948555,4.468636677260331,B
a0004701,2.703094011316212,.1403606123550064,3.674664492158615,Xe
a0004702,2.793824763607169,.0911814141592223,9.344282130483693,S
a0004706,2.267741098521162,.1745350533860371,8.261292684003278,S
a0004711,2.382369759348804,.2560367730901215,10.2344369366309,S
a0004713,1.926288589080766,.07364798592170119,22.67355457478434,A
a0004718,2.360546047149112,.1587611163297661,8.04191446973719,Sl
a0004719,2.70127331530289,.1734923362850505,7.453934974544991,C
a0004726,2.733500234429072,.07484716146911355,2.041616820917047,L
a0004733,2.185368359659324,.07331747865245926,4.715798326229149,Sq
a0004737,2.694216995882039,.07826702446065299,4.595415679420356,L
a0004744,2.798677882589487,.1836574526295697,10.1692843448926,D
a0004748,2.743795396195893,.05807888028026413,16.31858518414106,S
a0004750,2.183862874085148,.09050653809023154,4.905419050008994,X
a0004767,2.690566698093899,.1098626787404028,13.31229702030873,S
a0004774,2.236884545946295,.08591003074252275,3.630459647260162,S
a0004786,2.358343351629244,.1935610871016178,7.256002236462332,Xc
a0004796,2.355153034368866,.1794095640101941,2.273907937204867,V
a0004804,2.693507552407166,.1159589922076399,8.636292441328717,C
a0004817,2.346676208964503,.2095637040920597,2.160194561368547,Sl
a0004824,2.288720795200003,.05613825203401849,6.47389949352761,Sr
a0004838,2.352833578632183,.1429639399564245,8.877319411111376,Xc
a0004839,2.435565567504415,.07008143501608134,7.574756368659879,Xc
a0004844,2.554684588725333,.218058677662412,5.95781351319471,S
a0004845,2.400925655580057,.06691541522819698,7.580113556411412,X
a0004849,2.278748233914231,.1107524088735064,2.996768542061468,S
a0004853,2.535157357045981,.2560942973157239,8.367455110239895,S
a0004884,2.224079287660959,.1678726537195948,4.706708748059186,S
a0004900,2.379578852055496,.1285994906501479,5.934659006315882,V
a0004909,2.273261786366589,.2462591182845583,2.408566005465431,S
a0004917,2.741652246474335,.1085897942948146,3.712304372662229,Ld
a0004923,2.145125457083549,.2018462608156484,6.675308538156698,S
a0004942,2.201517022606764,.1359550881663749,3.833789808804659,X
a0004944,2.743546450893936,.06262088296459822,4.492272105914333,Cb
a0004945,2.570822091997587,.3177233888034204,4.899316323118942,S
a0004950,2.746756209385108,.1830833978225377,12.70058796273876,Sq
a0004951,2.256337189264045,.1669066458965238,7.532570614255407,S
a0004968,2.524440784293419,.1122524758853612,5.414763056849065,Sq
a0004969,2.756960712347971,.3626054300509488,31.44367872554068,C
a0004977,2.292135932310914,.1113094960716272,5.884148952819508,V
a0004982,2.781371398499826,.1774960510966311,4.636310566656056,A
a0004993,2.368797889794954,.06073937200408621,6.940289801027575,V
a0004997,2.871172686305137,.3299596349410918,32.73295020472396,B
a0005008,2.214620718021906,.06102529872885634,5.26987988048229,S
a0005010,2.714731453589606,.2036341018542682,14.65737980473502,S
a0005013,2.761607749792782,.06745307417682342,3.700658448280694,Sl
a0005051,2.293630110348206,.1428358682288996,5.873018967320632,Sr
a0005067,2.802564713250337,.07775174675394345,7.383275778092155,L
a0005069,2.251220986991795,.1318094868640745,5.000295083788751,S
a0005079,2.643316392387514,.2040949539442596,10.77511403507457,B
a0005081,2.318923847465991,.1136614676874236,13.19839026882285,Ch
a0005087,2.743958897664649,.005251754194080373,4.908207417388229,X
a0005091,2.783083531836656,.01206730781270122,3.198517717957188,C
a0005102,2.800771418135435,.1938737917738206,8.103402085424497,B
a0005103,2.749339369178816,.01294316196440504,4.890807418670624,X
a0005108,2.304720516173106,.1096692881727607,6.42932000859339,S
a0005111,2.355231536998766,.1264202905964856,5.804321020355405,R
a0005133,2.710974084372653,.2254261852860117,12.01882157269482,B
a0005134,2.790249907560928,.03460355941226145,8.103585580271414,Sl
a0005142,2.539174725958089,.2763520848256952,6.290018379298048,Sq
a0005159,2.786846187760542,.1132398854633802,9.250922176585403,S
a0005184,2.156359305532683,.03303776832316492,4.000337328316631,S
a0005195,2.162485514229488,.1313116006663648,3.895698298332519,Sl
a0005196,2.698371130283052,.1407135949187546,13.22484039917744,S
a0005208,2.605218083253528,.04615741314322962,15.90369691291636,S
a0005214,2.188003638819105,.1036381319722149,6.069431449396863,S
a0005222,2.774742056220788,.1428350484491198,34.5403821300951,B
a0005227,2.290868050381933,.08639745742339451,8.625937225560476,S
a0005234,2.759680793008575,.1636556194747442,35.85272284364386,B
a0005240,2.382184322191061,.1010059689049419,5.615261778057029,V
a0005242,2.800566879761011,.06726563092983981,2.871385176670358,Sq
a0005243,2.77445873909431,.1795811294114011,7.486998689147414,C
a0005294,2.867370653496336,.1302767523818441,17.77890930297493,X
a0005318,2.289908224514682,.1325366692554663,3.30976456829164,Sk
a0005329,2.607777062961041,.2695675442068877,13.41290438849298,Cb
a0005330,2.764541267049748,.1572909307403856,33.73720393162421,B
a0005333,2.345308766242778,.1678946199412234,10.97226155421895,Ch
a0005344,2.702670379820331,.1652136267197215,7.095895057085843,B
a0005348,2.792338086099206,.1717549733452904,7.06483366525307,Ch
a0005364,2.457863347730477,.1997040928958892,3.113848132670908,C
a0005379,2.396305834555714,.05455978867251254,3.801156339823583,V
a0005397,2.529465849176424,.1862364694357177,12.39338847619815,Sl
a0005401,2.795600914260795,.1509237229913508,10.06572394244696,S
a0005416,2.784474559924751,.2339066762614761,8.395383458902208,C
a0005438,2.745714795852203,.2764059828953433,26.56737253948895,C
a0005448,2.221657051323439,.1445992538897231,4.841612462226013,S
a0005467,2.807525353860244,.1691539667922346,8.75500257392325,X
a0005482,2.521904647928304,.1903919874255913,4.353470088367778,Sa
a0005485,2.735122309506186,.1143092652124872,3.29564004923101,S
a0005492,2.783534429950944,.1358902662275104,17.59039338590569,L
a0005534,2.758016662695683,.3369498265373357,7.488182970190497,S
a0005552,2.775888913875934,.2459697478580656,8.217308422187562,S
a0005553,2.734527566726124,.2094441224544164,9.806829397257598,Ch
a0005563,2.764040447366091,.06433968156773225,10.47633673031444,S
a0005565,2.810228518227416,.2156360084017165,10.30524584438446,S
a0005576,2.759092786016161,.07304493860365788,5.615551852467378,Xk
a0005588,2.787680990361205,.1384611739713522,12.35396752326733,X
a0005591,2.780093784672885,.08670898084574304,4.237354915260306,Cb
a0005595,2.724620948992982,.1632524070849712,9.825663451555506,S
a0005610,2.802404992041815,.04470200336812689,3.354052535274018,S
a0005622,2.803930607161797,.1693981261964051,8.093196249483757,Sq
a0005632,2.744306285429099,.08324078933382753,18.1951605680238,Xc
a0005647,2.426865840660242,.2682006272143475,21.92700549055519,S
a0005678,2.728747149627521,.27467448366204,34.09953042148292,C
a0005685,2.800903110235667,.09162241831942146,7.710575980035953,S
a0005690,2.799699479906729,.3802171875152271,29.00808756699098,B
a0005840,2.748297705107074,.1026929178692508,3.346897642536873,Ld
a0005956,2.710567826179199,.2922177196055435,8.97131303963149,C
a0005965,2.73623476219817,.05178244280194023,3.349271827255913,Sa
a0006005,2.69939835823908,.1519423152955752,7.638331189087801,C
a0006071,2.707162934154694,.1109297022199916,11.73215077486732,S
a0006077,2.79083011012122,.1112029628232551,4.298195989492779,Sq
a0006078,2.805276238660388,.1734522044921658,8.359418817479716,S
a0006086,2.721914611307644,.1685777995231984,8.940576129908854,Sl
a0006129,2.795929300162154,.1666642686758664,6.519761522055787,Ch
a0006146,2.3137980144257,.2645525064801194,3.401828813400251,Sq
a0006192,2.292617026234585,.2659748144247334,10.32963571295073,S
a0006211,2.756630611353408,.09309609376439208,8.531790758780279,Sr
a0006230,2.780095826715568,.08488306260452382,3.278705402435947,C
a0006233,2.793226522460162,.1778698916044431,6.814284517895032,Ch
a0006283,2.786921478175346,.2072059608822004,7.299811762089348,Ch
a0006354,2.656115362999541,.2172869966687576,24.55418140350205,Cb
a0006364,2.748963781565593,.2486596628410385,9.671371655255186,S
a0006410,2.772194389474592,.2248341275753742,8.682954679941176,Ch
a0006509,2.791879628225091,.2372304315052387,6.390450808224349,Ch
a0006582,2.777806927066285,.2879995365662444,8.905554912906036,Ch
a0006592,2.757465693362528,.1607891975869054,4.216595577482418,Sq
a0006669,2.20184595114048,.2136716891498732,6.217963725894746,S
a0006704,2.759819878043546,.04059454001325567,3.137216276822948,K
a0006716,2.790449448739689,.05874611072703859,4.64913216209986,C
a0006782,2.790108247484707,.06174772676506949,3.287641229626418,Cb
a0006906,2.737144198394442,.2723651364324793,10.44705965973377,C
a0006907,2.738607129398645,.1975925226775499,9.090032258491135,C
a0006908,2.7480727261988,.09413683873772186,5.605722732866249,S
a0007056,2.810257025816733,.04785423467240521,5.251037843174097,Sq
a0007081,2.746047736264462,.2383843372098755,6.712106897485461,K
a0007110,2.800959882136298,.2056315099737371,7.644769761787903,Ch
a0007170,2.699095147243892,.1821385125750891,12.47500677194732,S
a0007211,2.801021811575968,.1618147992232989,9.101893526036942,S
a0007224,2.773692471059144,.1325794637047172,8.86345423163583,Sq
a0007225,2.340711245467646,.2028863491647218,6.869963071290145,S
a0007245,2.766813093405426,.1138386117407796,5.701067691434742,L
a0007397,2.782866383571222,.1645988714094191,8.664878243456329,S
a0007402,2.779446402813446,.2033505949467524,8.232934244937592,Ch
a0007404,2.795599472290079,.2830390063694124,6.561472134405467,Cb
a0007405,2.768891083294776,.1680666369559553,9.136374762300289,Ch
a0007451,2.806706055457976,.1715642188156219,10.30640621412401,S
a0007512,2.783078329217968,.1571612412566785,7.464574445460635,Ch
a0007562,2.769041532917349,.02367200218175028,3.286366203163694,Ld
a0007564,2.764521900425414,.2049224076526004,10.86609262111645,S
a0007728,2.795137685996845,.1092204467530607,3.403189038812418,Sq
a0007763,2.740879041916535,.06958120599037801,4.81143234990654,L
a0007817,2.783343465455631,.04514266562629556,.5570670718267736,C
a0008008,2.782598216988522,.08039555159000447,1.347264341176218,C
a0008333,2.740057493072692,.1059275750959914,8.654713697133936,Sq
a0008334,2.783863778774874,.1014447586530556,10.13653785970272,S
a0008450,2.750061374102678,.08795943335564695,4.874647087833273,C
a0008513,2.745075539439623,.1770425415900218,6.829510378005219,D
a0008516,2.755817623004485,.1621571751736514,5.862225310888791,S
a0009970,2.790273697498475,.2092898273123848,7.535365699011201,Cb
a0010473,2.716865562617343,.09321561836251681,2.115235285766762,K
a0010504,2.762272609673638,.1630798872552984,5.744045349896299,Sl
a0011785,2.781112308141987,.06745895345535428,7.715454580399366,Xc
a0011906,2.734108984493279,.194430096200134,10.69166802695839,Sq
a0012281,2.73846451942859,.01353862877582825,6.355815199598423,X
a0017480,2.789721483492708,.1738195056905024,8.655871099844108,S
a0020043,1.969061482145526,.05775576316855374,18.26723407191731,U
a0405058,3.578690163244754,.5980970414288597,8.134302750545212,X
